mode,scenario,task,immediate_acc,final_acc,delta
stateful,cil,Subject_1_Exercise_1,0.8460869565217392,0.7765217391304348,-0.06956521739130439
stateful,cil,Subject_1_Exercise_2,0.8480934809348093,0.7822878228782287,-0.06580565805658056
stateful,cil,Subject_1_Exercise_3,0.821875,0.821875,0.0
ewc_stateful,cil,Subject_1_Exercise_1,0.8339130434782609,0.7713043478260869,-0.06260869565217397
ewc_stateful,cil,Subject_1_Exercise_2,0.8487084870848709,0.7810578105781057,-0.06765067650676515
ewc_stateful,cil,Subject_1_Exercise_3,0.8114583333333333,0.8114583333333333,0.0
stateful,cil,Subject_8_Exercise_1,0.872822299651568,0.8022648083623694,-0.07055749128919864
stateful,cil,Subject_8_Exercise_2,0.8380541871921182,0.7832512315270936,-0.05480295566502458
stateful,cil,Subject_8_Exercise_3,0.777551850345669,0.777551850345669,0.0
ewc_stateful,cil,Subject_8_Exercise_1,0.8702090592334495,0.7961672473867596,-0.0740418118466899
ewc_stateful,cil,Subject_8_Exercise_2,0.8300492610837439,0.7777093596059114,-0.05233990147783252
ewc_stateful,cil,Subject_8_Exercise_3,0.7641317608784058,0.7641317608784058,0.0
ewc_stateful,cil,Subject_2_Exercise_1,0.8139737991266376,0.6358078602620088,-0.17816593886462884
ewc_stateful,cil,Subject_2_Exercise_2,0.8230579531442663,0.7644882860665845,-0.05856966707768185
ewc_stateful,cil,Subject_2_Exercise_3,0.8226415094339623,0.8226415094339623,0.0
stateful,cil,Subject_3_Exercise_1,0.8131004366812227,0.6541484716157205,-0.15895196506550213
stateful,cil,Subject_3_Exercise_2,0.8255240443896424,0.779901356350185,-0.04562268803945746
stateful,cil,Subject_3_Exercise_3,0.7825779036827195,0.7825779036827195,0.0
ewc_stateful,cil,Subject_7_Exercise_1,0.7567567567567568,0.6564952048823016,-0.10026155187445518
ewc_stateful,cil,Subject_7_Exercise_2,0.7863720073664825,0.7593615715162676,-0.027010435850214898
ewc_stateful,cil,Subject_7_Exercise_3,0.7866955892986262,0.7866955892986262,0.0
stateful,cil,Subject_10_Exercise_1,0.8064516129032258,0.6434176111595467,-0.1630340017436791
stateful,cil,Subject_10_Exercise_2,0.8125384142593731,0.7283343577135832,-0.08420405654578988
stateful,cil,Subject_10_Exercise_3,0.8180778032036613,0.8180778032036613,0.0
ewc_stateful,cil,Subject_3_Exercise_1,0.8288209606986899,0.645414847161572,-0.1834061135371179
ewc_stateful,cil,Subject_3_Exercise_2,0.8236744759556104,0.7675709001233045,-0.05610357583230585
ewc_stateful,cil,Subject_3_Exercise_3,0.7584985835694051,0.7584985835694051,0.0
stateful,cil,Subject_7_Exercise_1,0.7776809067131648,0.6425457715780296,-0.1351351351351352
stateful,cil,Subject_7_Exercise_2,0.8146101903007981,0.7397176181706568,-0.07489257213014122
stateful,cil,Subject_7_Exercise_3,0.7765726681127982,0.7765726681127982,0.0
ewc_stateful,cil,Subject_9_Exercise_1,0.7177700348432056,0.6149825783972126,-0.10278745644599296
ewc_stateful,cil,Subject_9_Exercise_2,0.8001230012300123,0.7214022140221402,-0.07872078720787212
ewc_stateful,cil,Subject_9_Exercise_3,0.8136160714285714,0.8136160714285714,0.0
stateful,cil,Subject_2_Exercise_1,0.8026200873362446,0.5737991266375546,-0.22882096069868996
stateful,cil,Subject_2_Exercise_2,0.8162762022194822,0.7250308261405672,-0.09124537607891492
stateful,cil,Subject_2_Exercise_3,0.8109777015437393,0.8109777015437393,0.0
ewc_stateful,cil,Subject_10_Exercise_1,0.8169136878814298,0.5719267654751525,-0.24498692240627729
ewc_stateful,cil,Subject_10_Exercise_2,0.8051628764597418,0.7062077443146896,-0.09895513214505225
ewc_stateful,cil,Subject_10_Exercise_3,0.7974828375286042,0.7974828375286042,0.0
ewc_stateful,cil,Subject_4_Exercise_1,0.7419354838709677,0.6329555361813426,-0.10897994768962516
ewc_stateful,cil,Subject_4_Exercise_2,0.7854947756607252,0.7381684081130916,-0.04732636754763364
ewc_stateful,cil,Subject_4_Exercise_3,0.703416149068323,0.703416149068323,0.0
stateful,cil,Subject_9_Exercise_1,0.725609756097561,0.5583623693379791,-0.16724738675958184
stateful,cil,Subject_9_Exercise_2,0.8062730627306273,0.6746617466174661,-0.13161131611316113
stateful,cil,Subject_9_Exercise_3,0.7883184523809523,0.7883184523809523,0.0
ewc_stateful,dil,subject_1,0.8452173913043478,0.8217391304347826,-0.02347826086956517
ewc_stateful,dil,subject_2,0.8157205240174672,0.7353711790393013,-0.08034934497816593
ewc_stateful,dil,subject_3,0.8349344978165939,0.725764192139738,-0.10917030567685593
ewc_stateful,dil,subject_4,0.7079337401918047,0.6451612903225806,-0.06277244986922403
ewc_stateful,dil,subject_5,0.47560975609756095,0.5052264808362369,0.029616724738675937
ewc_stateful,dil,subject_6,0.6724587315377932,0.5377932232841007,-0.1346655082536925
ewc_stateful,dil,subject_7,0.7027027027027027,0.6346992153443767,-0.06800348735832606
ewc_stateful,dil,subject_8,0.8562717770034843,0.7543554006968641,-0.1019163763066202
ewc_stateful,dil,subject_9,0.6533101045296167,0.5252613240418118,-0.12804878048780488
ewc_stateful,dil,subject_10,0.7750653879686138,0.6573670444638187,-0.11769834350479513
ewc_stateful,dil,subject_11,0.5796344647519582,0.4691035683202785,-0.11053089643167974
ewc_stateful,dil,subject_12,0.6866840731070496,0.5265448215839861,-0.16013925152306352
ewc_stateful,dil,subject_13,0.814621409921671,0.4360313315926893,-0.37859007832898167
ewc_stateful,dil,subject_14,0.7009590235396687,0.6852659110723627,-0.01569311246730598
ewc_stateful,dil,subject_15,0.7942955920484011,0.7260155574762316,-0.06828003457216947
ewc_stateful,dil,subject_16,0.8448873483535528,0.7972270363951474,-0.04766031195840548
ewc_stateful,dil,subject_17,0.8696027633851469,0.7512953367875648,-0.11830742659758209
ewc_stateful,dil,subject_18,0.6938421509106678,0.6738941890719862,-0.019947961838681638
ewc_stateful,dil,subject_19,0.7868284228769498,0.45667244367417675,-0.330155979202773
ewc_stateful,dil,subject_20,0.8876404494382022,0.8461538461538461,-0.04148660328435605
ewc_stateful,dil,subject_21,0.8912855910267472,0.8498705780845557,-0.04141501294219152
ewc_stateful,dil,subject_22,0.5646551724137931,0.40086206896551724,-0.1637931034482759
ewc_stateful,dil,subject_23,0.7400346620450606,0.6559792027729636,-0.08405545927209701
ewc_stateful,dil,subject_24,0.825711820534944,0.8024158757549612,-0.023295944779982758
ewc_stateful,dil,subject_25,0.7847882454624028,0.8020743301642178,0.01728608470181503
ewc_stateful,dil,subject_26,0.8316062176165803,0.810880829015544,-0.020725388601036232
ewc_stateful,dil,subject_27,0.5308964316797214,0.5308964316797214,0.0
stateful,cil,Subject_4_Exercise_1,0.7035745422842197,0.5597210113339146,-0.14385353095030506
stateful,cil,Subject_4_Exercise_2,0.7928703134603565,0.7197295636140135,-0.073140749846343
stateful,cil,Subject_4_Exercise_3,0.6809006211180124,0.6809006211180124,0.0
ewc_stateful,cil,Subject_6_Exercise_1,0.7211120764552563,0.5473501303214596,-0.1737619461337967
ewc_stateful,cil,Subject_6_Exercise_2,0.7326367547633682,0.5992624462200369,-0.13337430854333132
ewc_stateful,cil,Subject_6_Exercise_3,0.7499007542675665,0.7499007542675665,0.0
stateful,cil,Subject_6_Exercise_1,0.6889661164205039,0.5247610773240661,-0.1642050390964378
stateful,cil,Subject_6_Exercise_2,0.6988322065150584,0.5832821143208359,-0.11555009219422252
stateful,cil,Subject_6_Exercise_3,0.7566494640730449,0.7566494640730449,0.0
ewc_stateful,cil,Subject_5_Exercise_1,0.6210801393728222,0.4729965156794425,-0.14808362369337974
ewc_stateful,cil,Subject_5_Exercise_2,0.6582512315270936,0.46921182266009853,-0.1890394088669951
ewc_stateful,cil,Subject_5_Exercise_3,0.6633549866259075,0.6633549866259075,0.0
stateful,cil,Subject_5_Exercise_1,0.6088850174216028,0.42334494773519166,-0.18554006968641118
stateful,cil,Subject_5_Exercise_2,0.5825123152709359,0.43842364532019706,-0.14408866995073888
stateful,cil,Subject_5_Exercise_3,0.6717615590370654,0.6717615590370654,0.0
stateful,dil,subject_1,0.8382608695652174,0.8043478260869565,-0.03391304347826085
stateful,dil,subject_2,0.7965065502183406,0.2279475982532751,-0.5685589519650656
stateful,dil,subject_3,0.8200873362445414,0.6524017467248908,-0.16768558951965062
stateful,dil,subject_4,0.7000871839581517,0.5858761987794245,-0.11421098517872719
stateful,dil,subject_5,0.5174216027874564,0.45905923344947736,-0.05836236933797906
stateful,dil,subject_6,0.685490877497828,0.38748913987836664,-0.29800173761946136
stateful,dil,subject_7,0.7140366172624237,0.6076721883173496,-0.10636442894507414
stateful,dil,subject_8,0.8841463414634146,0.20121951219512196,-0.6829268292682926
stateful,dil,subject_9,0.6803135888501742,0.3980836236933798,-0.28222996515679444
stateful,dil,subject_10,0.7907585004359198,0.5370531822144725,-0.25370531822144726
stateful,dil,subject_11,0.6875543951261966,0.4299390774586597,-0.2576153176675369
stateful,dil,subject_12,0.721496953872933,0.5596170583115753,-0.16187989556135773
stateful,dil,subject_13,0.8294168842471714,0.38816362053959963,-0.4412532637075718
stateful,dil,subject_14,0.7733217088055798,0.6024411508282476,-0.17088055797733226
stateful,dil,subject_15,0.857389801210026,0.36732929991356955,-0.4900605012964564
stateful,dil,subject_16,0.8873483535528596,0.5173310225303293,-0.3700173310225303
stateful,dil,subject_17,0.9110535405872193,0.49222797927461137,-0.41882556131260795
stateful,dil,subject_18,0.6496097137901128,0.4588031222896791,-0.19080659150043366
stateful,dil,subject_19,0.7027729636048526,0.1854419410745234,-0.5173310225303293
stateful,dil,subject_20,0.8980121002592912,0.6542783059636992,-0.24373379429559205
stateful,dil,subject_21,0.907679033649698,0.640207075064711,-0.26747195858498707
stateful,dil,subject_22,0.6362068965517241,0.3577586206896552,-0.27844827586206894
stateful,dil,subject_23,0.7729636048526863,0.5901213171577123,-0.18284228769497402
stateful,dil,subject_24,0.825711820534944,0.7549611734253667,-0.07075064710957724
stateful,dil,subject_25,0.7718236819360415,0.5704407951598963,-0.20138288677614513
stateful,dil,subject_26,0.7867012089810017,0.501727115716753,-0.2849740932642487
stateful,dil,subject_27,0.5839860748476936,0.5839860748476936,0.0
