mode,task,immediate_acc,final_acc,delta
replay_stateful,subject_1,0.8443478260869566,0.8452173913043478,0.0008695652173912327
replay_stateful,subject_2,0.8576419213973799,0.7921397379912664,-0.06550218340611358
replay_stateful,subject_3,0.8288209606986899,0.7825327510917031,-0.046288209606986874
replay_stateful,subject_4,0.7646033129904097,0.7515257192676548,-0.013077593722754965
replay_stateful,subject_5,0.6498257839721254,0.6689895470383276,0.019163763066202155
replay_stateful,subject_6,0.7497827975673328,0.6828844483058211,-0.06689834926151172
replay_stateful,subject_7,0.7698343504795118,0.6974716652136007,-0.07236268526591105
replay_stateful,subject_8,0.9067944250871081,0.8858885017421603,-0.020905923344947785
replay_stateful,subject_9,0.5888501742160279,0.5609756097560976,-0.027874564459930307
replay_stateful,subject_10,0.8448125544899738,0.8020924149956408,-0.042720139494333065
replay_stateful,subject_11,0.6953872932985204,0.639686684073107,-0.05570060922541342
replay_stateful,subject_12,0.6840731070496083,0.6414273281114012,-0.04264577893820709
replay_stateful,subject_13,0.8311575282854656,0.8433420365535248,0.012184508268059169
replay_stateful,subject_14,0.8160418482999128,0.7750653879686138,-0.04097646033129898
replay_stateful,subject_15,0.8591184096802075,0.790838375108038,-0.06828003457216947
replay_stateful,subject_16,0.854419410745234,0.8180242634315424,-0.036395147313691534
replay_stateful,subject_17,0.9015544041450777,0.9084628670120898,0.006908462867012077
replay_stateful,subject_18,0.7163920208152645,0.6886383347788378,-0.027753686036426695
replay_stateful,subject_19,0.8214904679376083,0.779896013864818,-0.04159445407279028
replay_stateful,subject_20,0.9152981849611063,0.9144338807260155,-0.0008643042350907626
replay_stateful,subject_21,0.9421915444348576,0.9456427955133736,0.00345125107851596
replay_stateful,subject_22,0.7646551724137931,0.7336206896551725,-0.03103448275862064
replay_stateful,subject_23,0.8214904679376083,0.8076256499133448,-0.013864818024263426
replay_stateful,subject_24,0.8921484037963762,0.8964624676445211,0.004314063848144922
replay_stateful,subject_25,0.8401037165082109,0.7536732929991357,-0.08643042350907526
replay_stateful,subject_26,0.8264248704663213,0.8324697754749568,0.006044905008635526
replay_stateful,subject_27,0.5326370757180157,0.5326370757180157,0.0
stateful,subject_1,0.8547826086956521,0.8,-0.0547826086956521
stateful,subject_2,0.8585152838427947,0.616593886462882,-0.2419213973799127
stateful,subject_3,0.8576419213973799,0.6882096069868996,-0.16943231441048034
stateful,subject_4,0.7680906713164778,0.42981691368788144,-0.33827375762859635
stateful,subject_5,0.6210801393728222,0.47735191637630664,-0.1437282229965156
stateful,subject_6,0.7671589921807124,0.4630755864465682,-0.30408340573414416
stateful,subject_7,0.7602441150828247,0.1952920662598082,-0.5649520488230165
stateful,subject_8,0.8998257839721254,0.37282229965156793,-0.5270034843205575
stateful,subject_9,0.7439024390243902,0.20993031358885017,-0.5339721254355401
stateful,subject_10,0.8544027898866609,0.4934612031386225,-0.36094158674803833
stateful,subject_11,0.7101827676240209,0.47693646649260224,-0.23324630113141864
stateful,subject_12,0.763272410791993,0.37684943429068757,-0.38642297650130547
stateful,subject_13,0.8598781549173194,0.6614447345517842,-0.19843342036553524
stateful,subject_14,0.7968613775065388,0.47951176983435045,-0.3173496076721884
stateful,subject_15,0.8694900605012964,0.6966292134831461,-0.1728608470181503
stateful,subject_16,0.8804159445407279,0.7322357019064125,-0.1481802426343154
stateful,subject_17,0.9075993091537133,0.689119170984456,-0.21848013816925738
stateful,subject_18,0.7068516912402428,0.6548135299219427,-0.05203816131830008
stateful,subject_19,0.8500866551126517,0.5797227036395147,-0.27036395147313697
stateful,subject_20,0.8954191875540191,0.8349178910976663,-0.060501296456352716
stateful,subject_21,0.9042277825711821,0.816220880069025,-0.08800690250215704
stateful,subject_22,0.7206896551724138,0.4896551724137931,-0.2310344827586207
stateful,subject_23,0.729636048526863,0.5363951473136915,-0.1932409012131715
stateful,subject_24,0.8705780845556514,0.8015530629853321,-0.06902502157031931
stateful,subject_25,0.7657735522904062,0.7441659464131374,-0.021607605877268843
stateful,subject_26,0.8281519861830743,0.7392055267702936,-0.08894645941278068
stateful,subject_27,0.5326370757180157,0.5326370757180157,0.0
ewc_stateful,subject_1,0.8678260869565217,0.7269565217391304,-0.14086956521739136
ewc_stateful,subject_2,0.8576419213973799,0.6043668122270742,-0.2532751091703057
ewc_stateful,subject_3,0.8471615720524017,0.24017467248908297,-0.6069868995633187
ewc_stateful,subject_4,0.7802964254577158,0.6948561464690497,-0.08544027898866613
ewc_stateful,subject_5,0.5217770034843205,0.2787456445993031,-0.24303135888501742
ewc_stateful,subject_6,0.7454387489139879,0.5160729800173762,-0.22936576889661164
ewc_stateful,subject_7,0.7419354838709677,0.5117698343504795,-0.23016564952048824
ewc_stateful,subject_8,0.8797909407665505,0.34930313588850176,-0.5304878048780488
ewc_stateful,subject_9,0.710801393728223,0.11585365853658537,-0.5949477351916377
ewc_stateful,subject_10,0.8413251961639059,0.5178727114210985,-0.3234524847428074
ewc_stateful,subject_11,0.6753698868581375,0.5500435161009574,-0.12532637075718012
ewc_stateful,subject_12,0.720626631853786,0.5787641427328112,-0.14186248912097477
ewc_stateful,subject_13,0.8268059181897301,0.7180156657963447,-0.10879025239338547
ewc_stateful,subject_14,0.6861377506538797,0.46207497820401044,-0.22406277244986927
ewc_stateful,subject_15,0.8444252376836646,0.7588591184096802,-0.08556611927398439
ewc_stateful,subject_16,0.8492201039861352,0.7374350086655113,-0.11178509532062397
ewc_stateful,subject_17,0.8290155440414507,0.7227979274611399,-0.10621761658031081
ewc_stateful,subject_18,0.6877710320901995,0.562012142237641,-0.12575888985255856
ewc_stateful,subject_19,0.7651646447140381,0.5190641247833622,-0.24610051993067594
ewc_stateful,subject_20,0.8539325842696629,0.8478824546240277,-0.006050129645635227
ewc_stateful,subject_21,0.8602243313201036,0.8464193270060397,-0.01380500431406384
ewc_stateful,subject_22,0.5525862068965517,0.5956896551724138,0.0431034482758621
ewc_stateful,subject_23,0.6663778162911612,0.6516464471403813,-0.014731369150779883
ewc_stateful,subject_24,0.7817083692838654,0.7730802415875755,-0.008628127696289956
ewc_stateful,subject_25,0.672428694900605,0.6447709593777009,-0.02765773552290407
ewc_stateful,subject_26,0.7029360967184801,0.6433506044905009,-0.059585492227979264
ewc_stateful,subject_27,0.3629242819843342,0.3629242819843342,0.0
herding_stateful,subject_1,0.7321739130434782,0.7495652173913043,0.017391304347826098
herding_stateful,subject_2,0.8497816593886462,0.49519650655021835,-0.3545851528384279
herding_stateful,subject_3,0.7991266375545851,0.5799126637554585,-0.21921397379912666
herding_stateful,subject_4,0.7236268526591108,0.3077593722755013,-0.41586748038360943
herding_stateful,subject_5,0.5487804878048781,0.3162020905923345,-0.23257839721254359
herding_stateful,subject_6,0.6950477845351868,0.37619461337966986,-0.3188531711555169
herding_stateful,subject_7,0.7375762859633828,0.3060156931124673,-0.43156059285091547
herding_stateful,subject_8,0.9024390243902439,0.18728222996515678,-0.7151567944250872
herding_stateful,subject_9,0.6385017421602788,0.24738675958188153,-0.3911149825783973
herding_stateful,subject_10,0.8448125544899738,0.33129904097646035,-0.5135135135135135
herding_stateful,subject_11,0.6231505657093125,0.30113141862489123,-0.32201914708442125
herding_stateful,subject_12,0.6440382941688425,0.2619669277632724,-0.3820713664055701
herding_stateful,subject_13,0.8442123585726719,0.6144473455178416,-0.2297650130548302
herding_stateful,subject_14,0.7933740191804708,0.4027898866608544,-0.3905841325196164
herding_stateful,subject_15,0.8470181503889369,0.46499567847882456,-0.38202247191011235
herding_stateful,subject_16,0.8682842287694974,0.5103986135181976,-0.3578856152512998
herding_stateful,subject_17,0.9075993091537133,0.48877374784110533,-0.418825561312608
herding_stateful,subject_18,0.7025151777970512,0.4336513443191674,-0.2688638334778838
herding_stateful,subject_19,0.854419410745234,0.5051993067590987,-0.34922010398613523
herding_stateful,subject_20,0.9299913569576491,0.12532411408815902,-0.8046672428694901
herding_stateful,subject_21,0.9542709232096636,0.5133735979292493,-0.44089732528041425
herding_stateful,subject_22,0.7681034482758621,0.31810344827586207,-0.45
herding_stateful,subject_23,0.8145580589254766,0.36915077989601386,-0.44540727902946275
herding_stateful,subject_24,0.8904227782571182,0.3080241587575496,-0.5823986194995686
herding_stateful,subject_25,0.874675885911841,0.665514261019879,-0.209161624891962
herding_stateful,subject_26,0.8376511226252159,0.6597582037996546,-0.17789291882556135
herding_stateful,subject_27,0.5726718885987816,0.5726718885987816,0.0
